<datapower-configuration version="3"><export-details><description>Exported Configuration</description><user>rponnam</user><domain>4216</domain><comment/><product-id>5725</product-id><product>IDG</product><display-product>IDG</display-product><model>IBM DataPower Gateway</model><display-model>IBM DataPower Gateway</display-model><device-name>10.11.13.69:5550</device-name><serial-number>0000000</serial-number><firmware-version>IDG.7.5.2.11</firmware-version><display-firmware-version>IDG.7.5.2.11</display-firmware-version><firmware-build>294195</firmware-build><firmware-timestamp>2017/12/02 10:36:18</firmware-timestamp><current-date>2019-08-14</current-date><current-time>07:03:24 UTC</current-time><reset-date>2019-06-23</reset-date><reset-time>06:59:58 UTC</reset-time><login-message/><custom-ui-file/></export-details><interface-data><interface name="eth0" type="Ethernet" vers="ipv4" ip-addr="10.11.13.69"/></interface-data><configuration domain="4216"><HTTPSourceProtocolHandler name="SignAndVerify_BLCD" xmlns:env="http://www.w3.org/2003/05/soap-envelope" xmlns:dp="http://www.datapower.com/schemas/management">
<mAdminState>enabled</mAdminState>
<LocalAddress>0.0.0.0</LocalAddress>
<LocalPort>9091</LocalPort>
<HTTPVersion>HTTP/1.1</HTTPVersion>
<AllowedFeatures>
<HTTP-1.0>on</HTTP-1.0>
<HTTP-1.1>on</HTTP-1.1>
<HTTP-2.0>off</HTTP-2.0>
<POST>on</POST>
<GET>on</GET>
<PUT>on</PUT>
<HEAD>off</HEAD>
<OPTIONS>off</OPTIONS>
<TRACE>off</TRACE>
<DELETE>off</DELETE>
<CONNECT>off</CONNECT>
<CustomMethods>off</CustomMethods>
<QueryString>on</QueryString>
<FragmentIdentifiers>on</FragmentIdentifiers>
<DotDot>off</DotDot>
<CmdExe>off</CmdExe></AllowedFeatures>
<PersistentConnections>on</PersistentConnections>
<MaxPersistentConnectionsReuse>0</MaxPersistentConnectionsReuse>
<AllowCompression>off</AllowCompression>
<AllowWebSocketUpgrade>off</AllowWebSocketUpgrade>
<WebSocketIdleTimeout>0</WebSocketIdleTimeout>
<MaxURLLen>16384</MaxURLLen>
<MaxTotalHdrLen>128000</MaxTotalHdrLen>
<MaxHdrCount>0</MaxHdrCount>
<MaxNameHdrLen>0</MaxNameHdrLen>
<MaxValueHdrLen>0</MaxValueHdrLen>
<MaxQueryStringLen>0</MaxQueryStringLen>
<CredentialCharset>protocol</CredentialCharset>
<HTTP2MaxStreams>100</HTTP2MaxStreams>
<HTTP2MaxFrameSize>16384</HTTP2MaxFrameSize>
<HTTP2StreamHeader>off</HTTP2StreamHeader></HTTPSourceProtocolHandler><HTTPUserAgent name="default" intrinsic="true" xmlns:env="http://www.w3.org/2003/05/soap-envelope" xmlns:dp="http://www.datapower.com/schemas/management">
<mAdminState>enabled</mAdminState>
<UserSummary>Default User Agent</UserSummary>
<MaxRedirects>8</MaxRedirects>
<Timeout>300</Timeout></HTTPUserAgent><XMLManager name="default" intrinsic="true" xmlns:env="http://www.w3.org/2003/05/soap-envelope" xmlns:dp="http://www.datapower.com/schemas/management">
<mAdminState>enabled</mAdminState>
<UserSummary>Default XML-Manager</UserSummary>
<CacheSize>256</CacheSize>
<SHA1Caching>on</SHA1Caching>
<StaticDocumentCalls>on</StaticDocumentCalls>
<SearchResults>on</SearchResults>
<SupportTxWarn>off</SupportTxWarn>
<Memoization>on</Memoization>
<ParserLimitsBytesScanned>4194304</ParserLimitsBytesScanned>
<ParserLimitsElementDepth>512</ParserLimitsElementDepth>
<ParserLimitsAttributeCount>128</ParserLimitsAttributeCount>
<ParserLimitsMaxNodeSize>33554432</ParserLimitsMaxNodeSize>
<ParserLimitsForbidExternalReferences>on</ParserLimitsForbidExternalReferences>
<ParserLimitsExternalReferences>forbid</ParserLimitsExternalReferences>
<ParserLimitsMaxPrefixes>1024</ParserLimitsMaxPrefixes>
<ParserLimitsMaxNamespaces>1024</ParserLimitsMaxNamespaces>
<ParserLimitsMaxLocalNames>60000</ParserLimitsMaxLocalNames>
<DocCacheMaxDocs>5000</DocCacheMaxDocs>
<DocCacheSize>0</DocCacheSize>
<DocMaxWrites>32768</DocMaxWrites>
<UserAgent class="HTTPUserAgent">default</UserAgent></XMLManager><Matching name="AAA" xmlns:env="http://www.w3.org/2003/05/soap-envelope" xmlns:dp="http://www.datapower.com/schemas/management">
<mAdminState>enabled</mAdminState>
<MatchRules>
<Type>url</Type>
<HttpTag/>
<HttpValue/>
<Url>/AAA</Url>
<ErrorCode/>
<XPATHExpression/>
<Method>default</Method>
<CustomMethod/></MatchRules>
<MatchWithPCRE>off</MatchWithPCRE>
<CombineWithOr>off</CombineWithOr></Matching><AAAPolicy name="TestDTEAAA" xmlns:env="http://www.w3.org/2003/05/soap-envelope" xmlns:dp="http://www.datapower.com/schemas/management">
<mAdminState>enabled</mAdminState>
<ExtractIdentity>
<EIBitmap>
<http-basic-auth>on</http-basic-auth>
<wssec-username>off</wssec-username>
<wssec-derived-key>off</wssec-derived-key>
<wssec-binary-token>off</wssec-binary-token>
<ws-secure-conversation>off</ws-secure-conversation>
<ws-trust>off</ws-trust>
<kerberos>off</kerberos>
<kerberos-spnego>off</kerberos-spnego>
<client-ssl>off</client-ssl>
<saml-attr-name>off</saml-attr-name>
<saml-authen-name>off</saml-authen-name>
<saml-artifact>off</saml-artifact>
<client-ip-address>off</client-ip-address>
<signer-dn>off</signer-dn>
<token>off</token>
<cookie-token>off</cookie-token>
<ltpa>off</ltpa>
<metadata>off</metadata>
<jwt>off</jwt>
<custom>off</custom>
<html-forms-auth>off</html-forms-auth>
<social-login>off</social-login>
<oauth>off</oauth></EIBitmap>
<EICustomURL/>
<EIXPath/>
<EISignerDNValcred/>
<EICookieName/>
<EIBasicAuthRealm>login</EIBasicAuthRealm>
<EIUseWSSec>off</EIUseWSSec>
<EIMetadata/>
<EIAllowRemoteTokenReference>off</EIAllowRemoteTokenReference>
<EIRemoteTokenProcessService/>
<EIPasswordRetrievalMechanism>xmlfile</EIPasswordRetrievalMechanism>
<EIPasswordRetrievalCustomURL/>
<EIPasswordRetrievalAAAInfoURL/>
<EISSLProxyProfile/>
<EIFormsLoginPolicy/>
<EIOAuthClientGroup/>
<EISSLClientConfigType>proxy</EISSLClientConfigType>
<EISSLClientProfile/>
<EIJWTValidator/>
<EISocialLoginPolicy/>
<EISAMLResponseValCred/></ExtractIdentity>
<Authenticate>
<AUMethod>xmlfile</AUMethod>
<AUCustomURL/>
<AUMapURL>store:///AAAInfo.xml</AUMapURL>
<AUHost/>
<AUPort/>
<AUSSLValcred/>
<AUCacheAllow>absolute</AUCacheAllow>
<AUCacheTTL>3</AUCacheTTL>
<AUKerberosPrincipal/>
<AUKerberosPassword/>
<AUClearTrustServerURL/>
<AUClearTrustApplication/>
<AUSAMLArtifactResponder/>
<AUKerberosVerifySignature>on</AUKerberosVerifySignature>
<AUNetegrityBaseURI/>
<AUSAMLAuthQueryServer/>
<AUSAMLVersion>1.1</AUSAMLVersion>
<AULDAPPrefix>cn=</AULDAPPrefix>
<AULDAPSuffix/>
<AULDAPLoadBalanceGroup/>
<AUKerberosKeytab/>
<AUWSTrustURL/>
<AUSAML2Issuer/>
<AUSignerValcred/>
<AUSignedXPath/>
<AUSSLProxyProfile/>
<AUNetegrityConfig/>
<AULDAPBindDN/>
<AULDAPBindPassword/>
<AULDAPSearchAttribute>userPassword</AULDAPSearchAttribute>
<AULTPATokenVersionsBitmap>
<LTPA>off</LTPA>
<LTPA2>on</LTPA2>
<LTPADomino>off</LTPADomino></AULTPATokenVersionsBitmap>
<AULTPAKeyFile/>
<AULTPAKeyFilePassword/>
<AULTPAStashFile/>
<AUBinaryTokenX509Valcred/>
<AUTAMServer/>
<AUAllowRemoteTokenReference>off</AUAllowRemoteTokenReference>
<AURemoteTokenProcessService/>
<AUWSTrustVersion>1.2</AUWSTrustVersion>
<AULDAPSearchForDN>off</AULDAPSearchForDN>
<AULDAPSearchParameters/>
<AUWSTrustRequireClientEntropy>off</AUWSTrustRequireClientEntropy>
<AUWSTrustClientEntropySize>32</AUWSTrustClientEntropySize>
<AUWSTrustRequireServerEntropy>off</AUWSTrustRequireServerEntropy>
<AUWSTrustServerEntropySize>32</AUWSTrustServerEntropySize>
<AUWSTrustRequireRSTC>off</AUWSTrustRequireRSTC>
<AUWSTrustRequireAppliesToHeader>off</AUWSTrustRequireAppliesToHeader>
<AUWSTrustAppliesToHeader/>
<AUWSTrustEncryptionCertificate/>
<AUZOSNSSConfig/>
<AULDAPAttributes/>
<AUSkewTime>0</AUSkewTime>
<AUTAMPACReturn>off</AUTAMPACReturn>
<AULDAPReadTimeout>60</AULDAPReadTimeout>
<AUSSLClientConfigType>proxy</AUSSLClientConfigType>
<AUSSLClientProfile/>
<AULDAPBindPasswordAlias/>
<AULTPAKeyFilePasswordAlias/>
<AUSMRequestType>webagent</AUSMRequestType>
<AUSMCookieFlow>
<frontend>off</frontend>
<backend>off</backend></AUSMCookieFlow>
<AUSMHeaderFlow>
<frontend>off</frontend>
<backend>off</backend></AUSMHeaderFlow>
<AUSMCookieAttributes/>
<AUCacheControl>default</AUCacheControl></Authenticate>
<MapCredentials>
<MCMethod>none</MCMethod>
<MCCustomURL/>
<MCMapURL/>
<MCMapXPath/>
<MCTFIMEndpoint/></MapCredentials>
<ExtractResource>
<ERBitmap>
<target-url>off</target-url>
<original-url>on</original-url>
<request-uri>off</request-uri>
<request-opname>off</request-opname>
<http-method>off</http-method>
<XPath>off</XPath>
<metadata>off</metadata></ERBitmap>
<ERXPath/>
<ERMetadata/></ExtractResource>
<MapResource>
<MRMethod>none</MRMethod>
<MRCustomURL/>
<MRMapURL/>
<MRMapXPath/>
<MRTAMMap>WebSEAL</MRTAMMap>
<MRTAMInstancePrefix/>
<MRTAMWebSEALDynURLFile/></MapResource>
<Authorize>
<AZMethod>passthrough</AZMethod>
<AZCustomURL/>
<AZMapURL/>
<AZHost/>
<AZPort/>
<AZLDAPGroup/>
<AZValcred/>
<AZSAMLURL/>
<AZSAMLType>any</AZSAMLType>
<AZSAMLXPath/>
<AZSAMLNameQualifier/>
<AZCacheAllow>absolute</AZCacheAllow>
<AZCacheTTL>3</AZCacheTTL>
<AZNetegrityBaseURI/>
<AZNetegrityOpNameExtension/>
<AZClearTrustServerURL/>
<AZSAMLVersion>1.1</AZSAMLVersion>
<AZLDAPLoadBalanceGroup/>
<AZLDAPBindDN/>
<AZLDAPBindPassword/>
<AZLDAPGroupAttribute>member</AZLDAPGroupAttribute>
<AZSSLProxyProfile/>
<AZNetegrityConfig/>
<AZLDAPSearchScope>subtree</AZLDAPSearchScope>
<AZLDAPSearchFilter>(objectClass=*)</AZLDAPSearchFilter>
<AZXACMLVersion>2.0</AZXACMLVersion>
<AZXACMLPEPType>deny-biased</AZXACMLPEPType>
<AZXACMLUseOnBoxPDP>on</AZXACMLUseOnBoxPDP>
<AZXACMLPDP/>
<AZXACMLExternalPDPUrl/>
<AZXACMLBindingMethod>custom</AZXACMLBindingMethod>
<AZXACMLBindingObject/>
<AZXACMLBindingXSL/>
<AZXACMLCustomObligation/>
<AZXACMLUseSAML2>off</AZXACMLUseSAML2>
<AZTAMServer/>
<AZTAMDefaultAction>T</AZTAMDefaultAction>
<AZTAMActionResourceMap/>
<AZXACMLUseSOAP>off</AZXACMLUseSOAP>
<AZZOSNSSConfig/>
<AZSAFDefaultAction>r</AZSAFDefaultAction>
<AZLDAPAttributes/>
<AZSkewTime>0</AZSkewTime>
<AZOAuthValidationEndpointType>tfim</AZOAuthValidationEndpointType>
<AZTFIMEndpoint/>
<AZOAuthEnforceScope>off</AZOAuthEnforceScope>
<AZOAuthExportHeaders>on</AZOAuthExportHeaders>
<AZTAMPACReturn>off</AZTAMPACReturn>
<AZTAMPACUse>off</AZTAMPACUse>
<AZLDAPReadTimeout>60</AZLDAPReadTimeout>
<AZSSLClientConfigType>proxy</AZSSLClientConfigType>
<AZSSLClientProfile/>
<AZLDAPBindPasswordAlias/>
<AZSMRequestType>webagent</AZSMRequestType>
<AZSMCookieFlow>
<frontend>off</frontend>
<backend>off</backend></AZSMCookieFlow>
<AZSMHeaderFlow>
<frontend>off</frontend>
<backend>off</backend></AZSMHeaderFlow>
<AZSMCookieAttributes/>
<AZCacheControl>default</AZCacheControl></Authorize>
<PostProcess>
<PPEnabled>off</PPEnabled>
<PPCustomURL/>
<PPSAMLAuthAssertion>off</PPSAMLAuthAssertion>
<PPSAMLServerName>XS</PPSAMLServerName>
<PPSAMLNameQualifier/>
<PPKerberosTicket>off</PPKerberosTicket>
<PPKerberosClient/>
<PPKerberosClientPassword/>
<PPKerberosServer/>
<PPWSTrust>off</PPWSTrust>
<PPTimestamp>on</PPTimestamp>
<PPTimestampExpiry>0</PPTimestampExpiry>
<PPAllowRenewal>off</PPAllowRenewal>
<PPSAMLVersion>2.0</PPSAMLVersion>
<PPSAMLSendSLO>off</PPSAMLSendSLO>
<PPSAMLSLOEndpoint/>
<PPSSLProxyProfile/>
<PPWSUsernameToken>off</PPWSUsernameToken>
<PPWSUsernameTokenPasswordType>Digest</PPWSUsernameTokenPasswordType>
<PPSAMLValidity>0</PPSAMLValidity>
<PPSAMLSkew>0</PPSAMLSkew>
<PPWSUsernameTokenIncludePwd>on</PPWSUsernameTokenIncludePwd>
<PPLTPA>off</PPLTPA>
<PPLTPAVersion>LTPA2</PPLTPAVersion>
<PPLTPAExpiry>600</PPLTPAExpiry>
<PPLTPAKeyFile/>
<PPLTPAKeyFilePassword/>
<PPLTPAStashFile/>
<PPKerberosSPNEGOToken>off</PPKerberosSPNEGOToken>
<PPKerberosBstValueType>http://docs.oasis-open.org/wss/oasis-wss-kerberos-token-profile-1.1#GSS_Kerberosv5_AP_REQ</PPKerberosBstValueType>
<PPSAMLUseWSSec>off</PPSAMLUseWSSec>
<PPKerberosClientKeytab/>
<PPUseWSSec>off</PPUseWSSec>
<PPActorRoleID/>
<PPTFIMTokenMapping>off</PPTFIMTokenMapping>
<PPTFIMEndpoint/>
<PPWSDerivedKeyUsernameToken>off</PPWSDerivedKeyUsernameToken>
<PPWSDerivedKeyUsernameTokenIterations>1000</PPWSDerivedKeyUsernameTokenIterations>
<PPWSUsernameTokenAllowReplacement>off</PPWSUsernameTokenAllowReplacement>
<PPTFIMReplaceMethod>all</PPTFIMReplaceMethod>
<PPTFIMRetrieveMode>CallTFIM</PPTFIMRetrieveMode>
<PPHMACSigningAlg>hmac-sha1</PPHMACSigningAlg>
<PPSigningHashAlg>sha1</PPSigningHashAlg>
<PPWSTrustHeader>off</PPWSTrustHeader>
<PPWSSCKeySource>random</PPWSSCKeySource>
<PPSharedSecretKey/>
<PPWSTrustRenewalWait>0</PPWSTrustRenewalWait>
<PPWSTrustNewInstance>off</PPWSTrustNewInstance>
<PPWSTrustNewKey>off</PPWSTrustNewKey>
<PPWSTrustNeverExpire>off</PPWSTrustNeverExpire>
<PPICRXToken>off</PPICRXToken>
<PPICRXUserRealm/>
<PPSAMLIdentityProvider>off</PPSAMLIdentityProvider>
<PPSAMLProtocol>assertion</PPSAMLProtocol>
<PPSAMLResponseDestination/>
<PPResultWrapup>wssec-new</PPResultWrapup>
<PPSAMLAssertionType>
<authentication>on</authentication>
<attribute>on</attribute>
<authorization>off</authorization></PPSAMLAssertionType>
<PPSAMLSubjectConfirm>bearer</PPSAMLSubjectConfirm>
<PPSAMLNameID>on</PPSAMLNameID>
<PPSAMLNameIDFormat/>
<PPSAMLRecipient/>
<PPSAMLAudience/>
<PPSAMLOmitNotBefore>off</PPSAMLOmitNotBefore>
<PPOneTimeUse>off</PPOneTimeUse>
<PPSAMLProxy>off</PPSAMLProxy>
<PPSAMLProxyAudience/>
<PPSAMLProxyCount>0</PPSAMLProxyCount>
<PPSAMLAuthzAction>AllHTTP</PPSAMLAuthzAction>
<PPSAMLAttributes/>
<PPLTPAInsertCookie>on</PPLTPAInsertCookie>
<PPTAMPACPropagate>off</PPTAMPACPropagate>
<PPTAMHeader>HTTP_IV_CREDS</PPTAMHeader>
<PPTAMHeaderSize>0</PPTAMHeaderSize>
<PPKerberosUseS4U2Proxy>off</PPKerberosUseS4U2Proxy>
<PPCookieAttributes/>
<PPKerberosUseS4U2SelfAndS4U2Proxy>off</PPKerberosUseS4U2SelfAndS4U2Proxy>
<PPKerberosClientSource>mc-output</PPKerberosClientSource>
<PPKerberosSelf/>
<PPKerberosSelfKeytab/>
<PPKerberosClientCustomURL/>
<PPKerberosClientCtxVar/>
<PPKerberosServerSource>as-is-string</PPKerberosServerSource>
<PPKerberosServerCustomURL/>
<PPKerberosServerCtxVar/>
<PPSSLClientConfigType>proxy</PPSSLClientConfigType>
<PPSSLClientProfile/>
<PPLTPAKeyFilePasswordAlias/>
<PPJWT>off</PPJWT>
<PPJWTGenerator/></PostProcess>
<SAMLSigningHashAlg>sha1</SAMLSigningHashAlg>
<SAMLSigningAlg>rsa</SAMLSigningAlg>
<LDAPsuffix/>
<LogAllowed>on</LogAllowed>
<LogAllowedLevel>info</LogAllowedLevel>
<LogRejected>on</LogRejected>
<LogRejectedLevel>warn</LogRejectedLevel>
<PingIdentityCompatibility>off</PingIdentityCompatibility>
<DoSValve>1</DoSValve>
<LDAPVersion>v2</LDAPVersion>
<EnforceSOAPActor>on</EnforceSOAPActor>
<WSSecActorRoleID/>
<DynConfig>none</DynConfig></AAAPolicy><StylePolicyAction name="SignAndVerify_BLCD_ProcessingPolicy_AAA_aaa_0" xmlns:env="http://www.w3.org/2003/05/soap-envelope" xmlns:dp="http://www.datapower.com/schemas/management">
<mAdminState>enabled</mAdminState>
<Type>aaa</Type>
<Input>INPUT</Input>
<TransformLanguage>none</TransformLanguage>
<ActionDebug persisted="false">off</ActionDebug>
<Output>dpvar_2</Output>
<NamedInOutLocationType>default</NamedInOutLocationType>
<AAA class="AAAPolicy">TestDTEAAA</AAA>
<SSLClientConfigType>proxy</SSLClientConfigType>
<Transactional>off</Transactional>
<SOAPValidation>body</SOAPValidation>
<SQLSourceType>static</SQLSourceType>
<JWSVerifyStripSignature>on</JWSVerifyStripSignature>
<Asynchronous>off</Asynchronous>
<ResultsMode>first-available</ResultsMode>
<RetryCount>0</RetryCount>
<RetryInterval>1000</RetryInterval>
<MultipleOutputs>off</MultipleOutputs>
<IteratorType>XPATH</IteratorType>
<Timeout>0</Timeout>
<MethodRewriteType>GET</MethodRewriteType>
<MethodType>POST</MethodType>
<MethodType2>POST</MethodType2></StylePolicyAction><StylePolicyAction name="SignAndVerify_BLCD_ProcessingPolicy_AAA_setvar_0" xmlns:env="http://www.w3.org/2003/05/soap-envelope" xmlns:dp="http://www.datapower.com/schemas/management">
<mAdminState>enabled</mAdminState>
<Type>setvar</Type>
<Input>dpvar_2</Input>
<TransformLanguage>none</TransformLanguage>
<ActionDebug persisted="false">off</ActionDebug>
<NamedInOutLocationType>default</NamedInOutLocationType>
<Variable>var://service/mpgw/skip-backside</Variable>
<Value>1</Value>
<SSLClientConfigType>proxy</SSLClientConfigType>
<Transactional>off</Transactional>
<SOAPValidation>body</SOAPValidation>
<SQLSourceType>static</SQLSourceType>
<JWSVerifyStripSignature>on</JWSVerifyStripSignature>
<Asynchronous>off</Asynchronous>
<ResultsMode>first-available</ResultsMode>
<RetryCount>0</RetryCount>
<RetryInterval>1000</RetryInterval>
<MultipleOutputs>off</MultipleOutputs>
<IteratorType>XPATH</IteratorType>
<Timeout>0</Timeout>
<MethodRewriteType>GET</MethodRewriteType>
<MethodType>POST</MethodType>
<MethodType2>POST</MethodType2></StylePolicyAction><StylePolicyAction name="SignAndVerify_BLCD_ProcessingPolicy_AAA_results_output_0" xmlns:env="http://www.w3.org/2003/05/soap-envelope" xmlns:dp="http://www.datapower.com/schemas/management">
<mAdminState>enabled</mAdminState>
<Type>results</Type>
<Input>dpvar_2</Input>
<TransformLanguage>none</TransformLanguage>
<ActionDebug persisted="false">off</ActionDebug>
<NamedInOutLocationType>default</NamedInOutLocationType>
<SSLClientConfigType>proxy</SSLClientConfigType>
<OutputType>default</OutputType>
<Transactional>off</Transactional>
<SOAPValidation>body</SOAPValidation>
<SQLSourceType>static</SQLSourceType>
<JWSVerifyStripSignature>on</JWSVerifyStripSignature>
<Asynchronous>off</Asynchronous>
<ResultsMode>first-available</ResultsMode>
<RetryCount>0</RetryCount>
<RetryInterval>1000</RetryInterval>
<MultipleOutputs>off</MultipleOutputs>
<IteratorType>XPATH</IteratorType>
<Timeout>0</Timeout>
<MethodRewriteType>GET</MethodRewriteType>
<MethodType>POST</MethodType>
<MethodType2>POST</MethodType2></StylePolicyAction><StylePolicyRule name="SignAndVerify_BLCD_ProcessingPolicy_AAA" xmlns:env="http://www.w3.org/2003/05/soap-envelope" xmlns:dp="http://www.datapower.com/schemas/management">
<mAdminState>enabled</mAdminState>
<Direction>request-rule</Direction>
<InputFormat>none</InputFormat>
<OutputFormat>none</OutputFormat>
<NonXMLProcessing>off</NonXMLProcessing>
<Unprocessed>off</Unprocessed>
<Actions class="StylePolicyAction">SignAndVerify_BLCD_ProcessingPolicy_AAA_aaa_0</Actions>
<Actions class="StylePolicyAction">SignAndVerify_BLCD_ProcessingPolicy_AAA_setvar_0</Actions>
<Actions class="StylePolicyAction">SignAndVerify_BLCD_ProcessingPolicy_AAA_results_output_0</Actions></StylePolicyRule><Matching name="Match_All" xmlns:env="http://www.w3.org/2003/05/soap-envelope" xmlns:dp="http://www.datapower.com/schemas/management">
<mAdminState>enabled</mAdminState>
<MatchRules>
<Type>url</Type>
<HttpTag/>
<HttpValue/>
<Url>*</Url>
<ErrorCode/>
<XPATHExpression/>
<Method>default</Method>
<CustomMethod/></MatchRules>
<MatchWithPCRE>off</MatchWithPCRE>
<CombineWithOr>off</CombineWithOr></Matching><CryptoCertificate name="Encryption_Decryption" xmlns:env="http://www.w3.org/2003/05/soap-envelope" xmlns:dp="http://www.datapower.com/schemas/management">
<mAdminState>enabled</mAdminState>
<Filename>cert:///Encryption_Decryption-sscert.pem</Filename>
<PasswordAlias>off</PasswordAlias>
<IgnoreExpiration>off</IgnoreExpiration></CryptoCertificate><CryptoKey name="Encryption_Decryption" xmlns:env="http://www.w3.org/2003/05/soap-envelope" xmlns:dp="http://www.datapower.com/schemas/management">
<mAdminState>enabled</mAdminState>
<Filename>cert:///Encryption_Decryption-privkey.pem</Filename>
<PasswordAlias>off</PasswordAlias></CryptoKey><StylePolicyAction name="SignAndVerify_BLCD_ProcessingPolicy_RequestRule_sign_0" xmlns:env="http://www.w3.org/2003/05/soap-envelope" xmlns:dp="http://www.datapower.com/schemas/management">
<mAdminState>enabled</mAdminState>
<Type>xform</Type>
<Input>INPUT</Input>
<Transform>store:///sign-wssec.xsl</Transform>
<TransformLanguage>none</TransformLanguage>
<ActionDebug persisted="false">off</ActionDebug>
<Output>dpvar_1</Output>
<NamedInOutLocationType>default</NamedInOutLocationType>
<SSLClientConfigType>proxy</SSLClientConfigType>
<StylesheetParameters>
<ParameterName>{http://www.datapower.com/param/config}keypair-cert</ParameterName>
<ParameterValue>Encryption_Decryption</ParameterValue></StylesheetParameters>
<StylesheetParameters>
<ParameterName>{http://www.datapower.com/param/config}keypair-key</ParameterName>
<ParameterValue>Encryption_Decryption</ParameterValue></StylesheetParameters>
<OutputType>default</OutputType>
<Transactional>off</Transactional>
<SOAPValidation>body</SOAPValidation>
<SQLSourceType>static</SQLSourceType>
<JWSVerifyStripSignature>on</JWSVerifyStripSignature>
<Asynchronous>off</Asynchronous>
<ResultsMode>first-available</ResultsMode>
<RetryCount>0</RetryCount>
<RetryInterval>1000</RetryInterval>
<MultipleOutputs>off</MultipleOutputs>
<IteratorType>XPATH</IteratorType>
<Timeout>0</Timeout>
<MethodRewriteType>GET</MethodRewriteType>
<MethodType>POST</MethodType>
<MethodType2>POST</MethodType2></StylePolicyAction><CryptoValCred name="SignAndVerify" xmlns:env="http://www.w3.org/2003/05/soap-envelope" xmlns:dp="http://www.datapower.com/schemas/management">
<mAdminState>enabled</mAdminState>
<Certificate class="CryptoCertificate">Encryption_Decryption</Certificate>
<CertValidationMode>legacy</CertValidationMode>
<UseCRL>on</UseCRL>
<RequireCRL>off</RequireCRL>
<CRLDPHandling>ignore</CRLDPHandling>
<InitialPolicySet>2.5.29.32.0</InitialPolicySet>
<ExplicitPolicy>off</ExplicitPolicy>
<CheckDates>on</CheckDates></CryptoValCred><StylePolicyAction name="SignAndVerify_BLCD_ProcessingPolicy_RequestRule_verify_0" xmlns:env="http://www.w3.org/2003/05/soap-envelope" xmlns:dp="http://www.datapower.com/schemas/management">
<mAdminState>enabled</mAdminState>
<Type>filter</Type>
<Input>dpvar_1</Input>
<Transform>store:///verify.xsl</Transform>
<TransformLanguage>none</TransformLanguage>
<ActionDebug persisted="false">off</ActionDebug>
<NamedInOutLocationType>default</NamedInOutLocationType>
<SSLClientConfigType>proxy</SSLClientConfigType>
<StylesheetParameters>
<ParameterName>{http://www.datapower.com/param/config}signature-method-type</ParameterName>
<ParameterValue>verify-all</ParameterValue></StylesheetParameters>
<StylesheetParameters>
<ParameterName>{http://www.datapower.com/param/config}valcred</ParameterName>
<ParameterValue>SignAndVerify</ParameterValue></StylesheetParameters>
<Transactional>off</Transactional>
<SOAPValidation>body</SOAPValidation>
<SQLSourceType>static</SQLSourceType>
<JWSVerifyStripSignature>on</JWSVerifyStripSignature>
<Asynchronous>off</Asynchronous>
<ResultsMode>first-available</ResultsMode>
<RetryCount>0</RetryCount>
<RetryInterval>1000</RetryInterval>
<MultipleOutputs>off</MultipleOutputs>
<IteratorType>XPATH</IteratorType>
<Timeout>0</Timeout>
<MethodRewriteType>GET</MethodRewriteType>
<MethodType>POST</MethodType>
<MethodType2>POST</MethodType2></StylePolicyAction><StylePolicyAction name="SignAndVerify_BLCD_ProcessingPolicy_RequestRule_setvar_0" xmlns:env="http://www.w3.org/2003/05/soap-envelope" xmlns:dp="http://www.datapower.com/schemas/management">
<mAdminState>enabled</mAdminState>
<Type>setvar</Type>
<Input>dpvar_1</Input>
<TransformLanguage>none</TransformLanguage>
<ActionDebug persisted="false">off</ActionDebug>
<NamedInOutLocationType>default</NamedInOutLocationType>
<Variable>var://service/mpgw/skip-backside</Variable>
<Value>1</Value>
<SSLClientConfigType>proxy</SSLClientConfigType>
<Transactional>off</Transactional>
<SOAPValidation>body</SOAPValidation>
<SQLSourceType>static</SQLSourceType>
<JWSVerifyStripSignature>on</JWSVerifyStripSignature>
<Asynchronous>off</Asynchronous>
<ResultsMode>first-available</ResultsMode>
<RetryCount>0</RetryCount>
<RetryInterval>1000</RetryInterval>
<MultipleOutputs>off</MultipleOutputs>
<IteratorType>XPATH</IteratorType>
<Timeout>0</Timeout>
<MethodRewriteType>GET</MethodRewriteType>
<MethodType>POST</MethodType>
<MethodType2>POST</MethodType2></StylePolicyAction><StylePolicyAction name="SignAndVerify_BLCD_ProcessingPolicy_RequestRule_results_output_0" xmlns:env="http://www.w3.org/2003/05/soap-envelope" xmlns:dp="http://www.datapower.com/schemas/management">
<mAdminState>enabled</mAdminState>
<Type>results</Type>
<Input>dpvar_1</Input>
<TransformLanguage>none</TransformLanguage>
<ActionDebug persisted="false">off</ActionDebug>
<NamedInOutLocationType>default</NamedInOutLocationType>
<SSLClientConfigType>proxy</SSLClientConfigType>
<OutputType>default</OutputType>
<Transactional>off</Transactional>
<SOAPValidation>body</SOAPValidation>
<SQLSourceType>static</SQLSourceType>
<JWSVerifyStripSignature>on</JWSVerifyStripSignature>
<Asynchronous>off</Asynchronous>
<ResultsMode>first-available</ResultsMode>
<RetryCount>0</RetryCount>
<RetryInterval>1000</RetryInterval>
<MultipleOutputs>off</MultipleOutputs>
<IteratorType>XPATH</IteratorType>
<Timeout>0</Timeout>
<MethodRewriteType>GET</MethodRewriteType>
<MethodType>POST</MethodType>
<MethodType2>POST</MethodType2></StylePolicyAction><StylePolicyRule name="SignAndVerify_BLCD_ProcessingPolicy_RequestRule" xmlns:env="http://www.w3.org/2003/05/soap-envelope" xmlns:dp="http://www.datapower.com/schemas/management">
<mAdminState>enabled</mAdminState>
<Direction>request-rule</Direction>
<InputFormat>none</InputFormat>
<OutputFormat>none</OutputFormat>
<NonXMLProcessing>off</NonXMLProcessing>
<Unprocessed>off</Unprocessed>
<Actions class="StylePolicyAction">SignAndVerify_BLCD_ProcessingPolicy_RequestRule_sign_0</Actions>
<Actions class="StylePolicyAction">SignAndVerify_BLCD_ProcessingPolicy_RequestRule_verify_0</Actions>
<Actions class="StylePolicyAction">SignAndVerify_BLCD_ProcessingPolicy_RequestRule_setvar_0</Actions>
<Actions class="StylePolicyAction">SignAndVerify_BLCD_ProcessingPolicy_RequestRule_results_output_0</Actions></StylePolicyRule><StylePolicy name="SignAndVerify_BLCD_ProcessingPolicy" xmlns:env="http://www.w3.org/2003/05/soap-envelope" xmlns:dp="http://www.datapower.com/schemas/management">
<mAdminState>enabled</mAdminState>
<DefStylesheetForSoap>store:///filter-reject-all.xsl</DefStylesheetForSoap>
<DefStylesheetForXsl>store:///identity.xsl</DefStylesheetForXsl>
<DefXQueryForJSON>store:///reject-all-json.xq</DefXQueryForJSON>
<PolicyMaps>
<Match class="Matching">AAA</Match>
<Rule class="StylePolicyRule">SignAndVerify_BLCD_ProcessingPolicy_AAA</Rule></PolicyMaps>
<PolicyMaps>
<Match class="Matching">Match_All</Match>
<Rule class="StylePolicyRule">SignAndVerify_BLCD_ProcessingPolicy_RequestRule</Rule></PolicyMaps></StylePolicy><PolicyAttachments name="SignAndVerify_BLCD" xmlns:env="http://www.w3.org/2003/05/soap-envelope" xmlns:dp="http://www.datapower.com/schemas/management">
<mAdminState>enabled</mAdminState>
<EnforcementMode>enforce</EnforcementMode>
<PolicyReferences>on</PolicyReferences>
<SLAEnforcementMode>allow-if-no-sla</SLAEnforcementMode></PolicyAttachments><MultiProtocolGateway name="SignAndVerify_BLCD" xmlns:env="http://www.w3.org/2003/05/soap-envelope" xmlns:dp="http://www.datapower.com/schemas/management">
<mAdminState>enabled</mAdminState>
<Priority>normal</Priority>
<FrontProtocol class="HTTPSourceProtocolHandler">SignAndVerify_BLCD</FrontProtocol>
<XMLManager class="XMLManager">default</XMLManager>
<SSLClientConfigType>proxy</SSLClientConfigType>
<DefaultParamNamespace>http://www.datapower.com/param/config</DefaultParamNamespace>
<QueryParamNamespace>http://www.datapower.com/param/query</QueryParamNamespace>
<PropagateURI>on</PropagateURI>
<MonitorProcessingPolicy>terminate-at-first-throttle</MonitorProcessingPolicy>
<RequestAttachments>strip</RequestAttachments>
<ResponseAttachments>strip</ResponseAttachments>
<RequestAttachmentsFlowControl>off</RequestAttachmentsFlowControl>
<ResponseAttachmentsFlowControl>off</ResponseAttachmentsFlowControl>
<RootPartNotFirstAction>process-in-order</RootPartNotFirstAction>
<FrontAttachmentFormat>dynamic</FrontAttachmentFormat>
<BackAttachmentFormat>dynamic</BackAttachmentFormat>
<MIMEFrontHeaders>on</MIMEFrontHeaders>
<MIMEBackHeaders>on</MIMEBackHeaders>
<StreamOutputToBack>buffer-until-verification</StreamOutputToBack>
<StreamOutputToFront>buffer-until-verification</StreamOutputToFront>
<MaxMessageSize>0</MaxMessageSize>
<GatewayParserLimits>off</GatewayParserLimits>
<ParserLimitsElementDepth>512</ParserLimitsElementDepth>
<ParserLimitsAttributeCount>128</ParserLimitsAttributeCount>
<ParserLimitsMaxNodeSize>33554432</ParserLimitsMaxNodeSize>
<ParserLimitsForbidExternalReferences>on</ParserLimitsForbidExternalReferences>
<ParserLimitsExternalReferences>forbid</ParserLimitsExternalReferences>
<ParserLimitsMaxPrefixes>1024</ParserLimitsMaxPrefixes>
<ParserLimitsMaxNamespaces>1024</ParserLimitsMaxNamespaces>
<ParserLimitsMaxLocalNames>60000</ParserLimitsMaxLocalNames>
<ParserLimitsAttachmentByteCount>2000000000</ParserLimitsAttachmentByteCount>
<ParserLimitsAttachmentPackageByteCount>0</ParserLimitsAttachmentPackageByteCount>
<DebugMode persisted="false">on</DebugMode>
<DebuggerType>internal</DebuggerType>
<DebugHistory>25</DebugHistory>
<FlowControl>off</FlowControl>
<SOAPSchemaURL>store:///schemas/soap-envelope.xsd</SOAPSchemaURL>
<FrontTimeout>120</FrontTimeout>
<BackTimeout>120</BackTimeout>
<FrontPersistentTimeout>180</FrontPersistentTimeout>
<BackPersistentTimeout>180</BackPersistentTimeout>
<IncludeResponseTypeEncoding>off</IncludeResponseTypeEncoding>
<BackHTTPVersion>HTTP/1.1</BackHTTPVersion>
<PersistentConnections>on</PersistentConnections>
<LoopDetection>off</LoopDetection>
<DoHostRewriting>on</DoHostRewriting>
<DoChunkedUpload>off</DoChunkedUpload>
<ProcessHTTPErrors>on</ProcessHTTPErrors>
<HTTPClientIPLabel>X-Client-IP</HTTPClientIPLabel>
<HTTPLogCorIDLabel>X-Global-Transaction-ID</HTTPLogCorIDLabel>
<InOrderMode>
<Request>off</Request>
<Backend>off</Backend>
<Response>off</Response></InOrderMode>
<WSAMode>sync2sync</WSAMode>
<WSARequireAAA>on</WSARequireAAA>
<WSAStrip>on</WSAStrip>
<WSADefaultReplyTo>http://schemas.xmlsoap.org/ws/2004/08/addressing/role/anonymous</WSADefaultReplyTo>
<WSADefaultFaultTo>http://schemas.xmlsoap.org/ws/2004/08/addressing/role/anonymous</WSADefaultFaultTo>
<WSAForce>off</WSAForce>
<WSAGenStyle>sync</WSAGenStyle>
<WSAHTTPAsyncResponseCode>204</WSAHTTPAsyncResponseCode>
<WSATimeout>120</WSATimeout>
<WSRMEnabled>off</WSRMEnabled>
<WSRMSequenceExpiration>3600</WSRMSequenceExpiration>
<WSRMDestinationAcceptCreateSequence>on</WSRMDestinationAcceptCreateSequence>
<WSRMDestinationMaximumSequences>400</WSRMDestinationMaximumSequences>
<WSRMDestinationInOrder>off</WSRMDestinationInOrder>
<WSRMDestinationMaximumInOrderQueueLength>10</WSRMDestinationMaximumInOrderQueueLength>
<WSRMDestinationAcceptOffers>off</WSRMDestinationAcceptOffers>
<WSRMFrontForce>off</WSRMFrontForce>
<WSRMBackForce>off</WSRMBackForce>
<WSRMBackCreateSequence>off</WSRMBackCreateSequence>
<WSRMFrontCreateSequence>off</WSRMFrontCreateSequence>
<WSRMSourceMakeOffer>off</WSRMSourceMakeOffer>
<WSRMUsesSequenceSSL>off</WSRMUsesSequenceSSL>
<WSRMSourceMaximumSequences>400</WSRMSourceMaximumSequences>
<WSRMSourceRetransmissionInterval>10</WSRMSourceRetransmissionInterval>
<WSRMSourceExponentialBackoff>on</WSRMSourceExponentialBackoff>
<WSRMSourceMaximumRetransmissions>4</WSRMSourceMaximumRetransmissions>
<WSRMSourceMaximumQueueLength>30</WSRMSourceMaximumQueueLength>
<WSRMSourceRequestAckCount>1</WSRMSourceRequestAckCount>
<WSRMSourceInactivityClose>360</WSRMSourceInactivityClose>
<ForcePolicyExec>off</ForcePolicyExec>
<RewriteErrors>on</RewriteErrors>
<DelayErrors>on</DelayErrors>
<DelayErrorsDuration>1000</DelayErrorsDuration>
<RequestType>xml</RequestType>
<ResponseType>xml</ResponseType>
<FollowRedirects>on</FollowRedirects>
<RewriteLocationHeader>off</RewriteLocationHeader>
<StylePolicy class="StylePolicy">SignAndVerify_BLCD_ProcessingPolicy</StylePolicy>
<Type>dynamic-backend</Type>
<AllowCompression>off</AllowCompression>
<AllowCacheControlHeader>off</AllowCacheControlHeader>
<PolicyAttachments class="PolicyAttachments">SignAndVerify_BLCD</PolicyAttachments>
<WSMAgentMonitor>off</WSMAgentMonitor>
<WSMAgentMonitorPCM>all-messages</WSMAgentMonitorPCM>
<ProxyHTTPResponse>off</ProxyHTTPResponse>
<TransactionTimeout>0</TransactionTimeout></MultiProtocolGateway></configuration><files><file name="cert:///Encryption_Decryption-sscert.pem" src="cert/Encryption_Decryption-sscert.pem" location="cert" key="true"/><file name="cert:///Encryption_Decryption-privkey.pem" src="cert/Encryption_Decryption-privkey.pem" location="cert" key="true"/><file name="store:///sign-wssec-common.xsl" src="store/sign-wssec-common.xsl" location="store" hash="EdMRL6Ax6T48NL9BjsMMKjUu0kg="/><file name="store:///set-wssec-sign-param.xsl" src="store/set-wssec-sign-param.xsl" location="store" hash="Vu8jsBD0fxxyl0UfhSWGB93XAJ8="/><file name="store:///set-wssec-common-param.xsl" src="store/set-wssec-common-param.xsl" location="store" hash="U8gD6kKocXvhXMrMmMbLTtp+hEQ="/><file name="store:///wssec-utilities.xsl" src="store/wssec-utilities.xsl" location="store" hash="kB/C0nQWQFHpgBS1e9rMBAMR7/s="/><file name="store:///set-soap-sender-param.xsl" src="store/set-soap-sender-param.xsl" location="store" hash="ugfsTxTyaHOhEARjWecvxWUvj5k="/><file name="store:///set-soap-common-param.xsl" src="store/set-soap-common-param.xsl" location="store" hash="T/BY5IULnGXECU+6+/pjurHaMy8="/><file name="store:///set-verify-param.xsl" src="store/set-verify-param.xsl" location="store" hash="9R4KvuqRdQxdfkLBSgL30gGsHqU="/><file name="store:///set-soap-receiver-param.xsl" src="store/set-soap-receiver-param.xsl" location="store" hash="ZOKSLkAfl078rGQ9GhmS6niFm2w="/><file name="store:///set-saml-decrypt-verify-param.xsl" src="store/set-saml-decrypt-verify-param.xsl" location="store" hash="O1pBTbJ0UEvGky1yfqDBYOQ++Fk="/><file name="webgui:///clixform.xsl" src="dp-aux/clixform.xsl" location="dp-aux" internal="true" hash="PNoW82UE/QTTtzh9kAREBKHtp3E="/><file name="webgui:///SchemaUtil.xsl" src="dp-aux/SchemaUtil.xsl" location="dp-aux" internal="true" hash="YWjVARwxJCW3zkIbcgQw2UJL1kM="/><file name="webgui:///management.xsl" src="dp-aux/management.xsl" location="dp-aux" internal="true" hash="jaVBcAZOZmnnAJfQcSbjdqhK1ks="/><file name="webgui:///map-dmz.xsl" src="dp-aux/map-dmz.xsl" location="dp-aux" internal="true" hash="n00B2bmGoH6OdSOW1QRz/SNVbYc="/><file name="webgui:///drMgmt.xml" src="dp-aux/drMgmt.xml" location="dp-aux" internal="true" hash="1SPtZLpvyAVt+YOihty1eZPiFjM="/><file name="webgui:///basetypes.xml" src="dp-aux/basetypes.xml" location="dp-aux" internal="true" hash="UkIc6sKzykqNpmVlsHF89TLn2Qo="/></files></datapower-configuration>